Item,Dietary Fiber,Sugars,Protein
Egg McMuffin,0.571429,0.0234375,0.195402
Egg White Delight,0.571429,0.0234375,0.206897
Sausage McMuffin,0.571429,0.015625,0.16092
Sausage McMuffin with Egg,0.571429,0.015625,0.241379
Sausage McMuffin with Egg Whites,0.571429,0.015625,0.241379
Steak & Egg McMuffin,0.571429,0.0234375,0.298851
Bacon, Egg & Cheese Biscuit (Regular Biscuit),0.015625,0.0344828
Bacon, Egg & Cheese Biscuit (Large Biscuit),0.0234375,0.045977
Bacon, Egg & Cheese Biscuit with Egg Whites (Regular Biscuit),0.015625,0.0344828
Bacon, Egg & Cheese Biscuit with Egg Whites (Large Biscuit),0.0234375,0.045977
Sausage Biscuit (Regular Biscuit),0.285714,0.015625,0.126437
Sausage Biscuit (Large Biscuit),0.428571,0.0234375,0.126437
Sausage Biscuit with Egg (Regular Biscuit),0.285714,0.015625,0.206897
Sausage Biscuit with Egg (Large Biscuit),0.428571,0.0234375,0.206897
Sausage Biscuit with Egg Whites (Regular Biscuit),0.285714,0.0234375,0.206897
Sausage Biscuit with Egg Whites (Large Biscuit),0.428571,0.0234375,0.206897
Southern Style Chicken Biscuit (Regular Biscuit),0.285714,0.0234375,0.195402
Southern Style Chicken Biscuit (Large Biscuit),0.428571,0.03125,0.195402
Steak & Egg Biscuit (Regular Biscuit),0.285714,0.0234375,0.287356
Bacon, Egg & Cheese McGriddles,0.015625,0.172414
Bacon, Egg & Cheese McGriddles with Egg Whites,0.015625,0.183908
Sausage McGriddles,0.285714,0.117188,0.126437
Sausage, Egg & Cheese McGriddles,0.015625,0.172414
Sausage, Egg & Cheese McGriddles with Egg Whites,0.015625,0.172414
Bacon, Egg & Cheese Bagel,0.0234375,0.0804598
Bacon, Egg & Cheese Bagel with Egg Whites,0.0234375,0.091954
Steak, Egg & Cheese Bagel,0.0234375,0.0804598
Big Breakfast (Regular Biscuit),0.428571,0.0234375,0.321839
Big Breakfast (Large Biscuit),0.571429,0.0234375,0.321839
Big Breakfast with Egg Whites (Regular Biscuit),0.428571,0.0234375,0.298851
Big Breakfast with Egg Whites (Large Biscuit),0.571429,0.03125,0.298851
Big Breakfast with Hotcakes (Regular Biscuit),0.857143,0.132813,0.413793
Big Breakfast with Hotcakes (Large Biscuit),1,0.132813,0.413793
Big Breakfast with Hotcakes and Egg Whites (Regular Biscuit),0.857143,0.132813,0.402299
Big Breakfast with Hotcakes and Egg Whites (Large Biscuit),1,0.140625,0.402299
Hotcakes,0.428571,0.109375,0.091954
Hotcakes and Sausage,0.428571,0.109375,0.172414
Sausage Burrito,0.142857,0.015625,0.137931
Hash Brown,0.285714,0,0.0114943
Cinnamon Melts,0.428571,0.25,0.0689655
Fruit & Maple Oatmeal,0.714286,0.25,0.0574713
Fruit & Maple Oatmeal without Brown Sugar,0.714286,0.140625,0.0574713
Big Mac,0.428571,0.0703125,0.275862
Quarter Pounder with Cheese,0.428571,0.078125,0.344828
Quarter Pounder with Bacon & Cheese,0.428571,0.09375,0.425287
Quarter Pounder with Bacon Habanero Ranch,0.428571,0.078125,0.425287
Quarter Pounder Deluxe,0.428571,0.0703125,0.333333
Double Quarter Pounder with Cheese,0.428571,0.078125,0.551724
Hamburger,0.142857,0.046875,0.137931
Cheeseburger,0.285714,0.0546875,0.172414
Double Cheeseburger,0.285714,0.0546875,0.275862
Bacon Clubhouse Burger,0.571429,0.109375,0.448276
McDouble,0.285714,0.0546875,0.252874
Bacon McDouble,0.285714,0.0546875,0.310345
Daily Double,0.285714,0.0546875,0.252874
Jalapeño Double,0.285714,0.046875,0.252874
McRib,0.428571,0.0859375,0.252874
Premium Crispy Chicken Classic Sandwich,0.428571,0.078125,0.275862
Premium Grilled Chicken Classic Sandwich,0.428571,0.0625,0.321839
Premium Crispy Chicken Club Sandwich,0.428571,0.0859375,0.413793
Premium Grilled Chicken Club Sandwich,0.428571,0.0703125,0.45977
Premium Crispy Chicken Ranch BLT Sandwich,0.428571,0.0859375,0.367816
Premium Grilled Chicken Ranch BLT Sandwich,0.428571,0.0703125,0.413793
Bacon Clubhouse Crispy Chicken Sandwich,0.571429,0.125,0.413793
Bacon Clubhouse Grilled Chicken Sandwich,0.571429,0.109375,0.45977
Southern Style Crispy Chicken Sandwich,0.285714,0.0546875,0.241379
McChicken,0.285714,0.0390625,0.16092
Bacon Cheddar McChicken,0.285714,0.046875,0.252874
Bacon Buffalo Ranch McChicken,0.285714,0.046875,0.229885
Buffalo Ranch McChicken,0.285714,0.0390625,0.16092
Premium McWrap Chicken & Bacon (Crispy Chicken),0.428571,0.0546875,0.367816
Premium McWrap Chicken & Bacon (Grilled Chicken),0.428571,0.046875,0.413793
Premium McWrap Chicken & Ranch (Crispy Chicken),0.428571,0.0625,0.310345
Premium McWrap Chicken & Ranch (Grilled Chicken),0.428571,0.046875,0.344828
Premium McWrap Southwest Chicken (Crispy Chicken),0.714286,0.09375,0.310345
Premium McWrap Southwest Chicken (Grilled Chicken),0.714286,0.078125,0.356322
Premium McWrap Chicken Sweet Chili (Crispy Chicken),0.428571,0.109375,0.264368
Premium McWrap Chicken Sweet Chili (Grilled Chicken),0.428571,0.09375,0.310345
Chicken McNuggets (4 piece),0.142857,0,0.103448
Chicken McNuggets (6 piece),0.142857,0,0.149425
Chicken McNuggets (10 piece),0.285714,0,0.252874
Chicken McNuggets (20 piece),0.428571,0,0.505747
Chicken McNuggets (40 piece),0.857143,0.0078125,1
Filet-O-Fish,0.285714,0.0390625,0.172414
Premium Bacon Ranch Salad (without Chicken),0.428571,0.03125,0.103448
Premium Bacon Ranch Salad with Crispy Chicken,0.285714,0.0390625,0.287356
Premium Bacon Ranch Salad with Grilled Chicken,0.285714,0.03125,0.333333
Premium Southwest Salad (without Chicken),0.857143,0.046875,0.0689655
Premium Southwest Salad with Crispy Chicken,1,0.09375,0.264368
Premium Southwest Salad with Grilled Chicken,1,0.078125,0.310345
Chipotle BBQ Snack Wrap (Crispy Chicken),0.142857,0.0625,0.16092
Chipotle BBQ Snack Wrap (Grilled Chicken),0.142857,0.0546875,0.183908
Honey Mustard Snack Wrap (Crispy Chicken),0.142857,0.0234375,0.16092
Honey Mustard Snack Wrap (Grilled Chicken),0.142857,0.015625,0.183908
Ranch Snack Wrap (Crispy Chicken),0.142857,0.0234375,0.172414
Ranch Snack Wrap (Grilled Chicken),0.142857,0.015625,0.183908
Small French Fries,0.285714,0,0.0229885
Medium French Fries,0.571429,0,0.045977
Large French Fries,0.714286,0,0.0689655
Kids French Fries,0.142857,0,0.0114943
Side Salad,0.142857,0.015625,0.0114943
Apple Slices,0,0.0234375,0
Fruit 'n Yogurt Parfait,0.142857,0.179688,0.045977
Baked Apple Pie,0.571429,0.101563,0.0229885
Chocolate Chip Cookie,0.142857,0.117188,0.0229885
Oatmeal Raisin Cookie,0.142857,0.101563,0.0229885
Kids Ice Cream Cone,0,0.046875,0.0114943
Hot Fudge Sundae,0.142857,0.375,0.091954
Hot Caramel Sundae,0,0.335938,0.0804598
Strawberry Sundae,0,0.351563,0.0689655
Coca-Cola Classic (Small),0,0.304688,0
Coca-Cola Classic (Medium),0,0.429688,0
Coca-Cola Classic (Large),0,0.59375,0
Coca-Cola Classic (Child),0,0.21875,0
Diet Coke (Small),0,0,0
Diet Coke (Medium),0,0,0
Diet Coke (Large),0,0,0
Diet Coke (Child),0,0,0
Dr Pepper (Small),0,0.273438,0
Dr Pepper (Medium),0,0.398438,0
Dr Pepper (Large),0,0.546875,0
Dr Pepper (Child),0,0.203125,0
Diet Dr Pepper (Small),0,0,0.0229885
Diet Dr Pepper (Medium),0,0,0.0344828
Diet Dr Pepper (Large),0,0,0.045977
Diet Dr Pepper (Child),0,0,0.0114943
Sprite (Small),0,0.289063,0
Sprite (Medium),0,0.421875,0
Sprite (Large),0,0.578125,0
Sprite (Child),0,0.210938,0
1% Low Fat Milk Jug,0,0.09375,0.091954
Fat Free Chocolate Milk Jug,0.142857,0.171875,0.103448
Minute Maid 100% Apple Juice Box,0,0.148438,0
Minute Maid Orange Juice (Small),0,0.234375,0.0229885
Minute Maid Orange Juice (Medium),0,0.304688,0.0344828
Minute Maid Orange Juice (Large),0,0.453125,0.045977
Dasani Water Bottle,0,0,0
Iced Tea (Small),0,0,0
Iced Tea (Medium),0,0,0
Iced Tea (Large),0,0,0
Iced Tea (Child),0,0,0
Sweet Tea (Small),0,0.28125,0.0114943
Sweet Tea (Medium),0,0.351563,0.0114943
Sweet Tea (Large),0,0.421875,0.0114943
Sweet Tea (Child),0,0.210938,0
Coffee (Small),0,0,0
Coffee (Medium),0,0,0
Coffee (Large),0,0,0
Latte (Small),0.142857,0.09375,0.103448
Latte (Medium),0.142857,0.117188,0.126437
Latte (Large),0.142857,0.15625,0.172414
Caramel Latte (Small),0.142857,0.296875,0.103448
Caramel Latte (Medium),0.142857,0.375,0.126437
Caramel Latte (Large),0.142857,0.460938,0.172414
Hazelnut Latte (Small),0.142857,0.296875,0.103448
Hazelnut Latte (Medium),0.142857,0.367188,0.126437
Hazelnut Latte (Large),0.142857,0.453125,0.172414
French Vanilla Latte (Small),0.142857,0.28125,0.103448
French Vanilla Latte (Medium),0.142857,0.351563,0.126437
French Vanilla Latte (Large),0.142857,0.4375,0.172414
Latte with Sugar Free French Vanilla Syrup (Small),0.142857,0.09375,0.103448
Latte with Sugar Free French Vanilla Syrup (Medium),0.142857,0.117188,0.137931
Latte with Sugar Free French Vanilla Syrup (Large),0.285714,0.15625,0.172414
Nonfat Latte (Small),0.142857,0.101563,0.114943
Nonfat Latte (Medium),0.142857,0.125,0.137931
Nonfat Latte (Large),0.142857,0.164063,0.183908
Nonfat Caramel Latte (Small),0.142857,0.304688,0.114943
Nonfat Caramel Latte (Medium),0.142857,0.375,0.137931
Nonfat Caramel Latte (Large),0.142857,0.460938,0.183908
Nonfat Hazelnut Latte (Small),0.142857,0.296875,0.114943
Nonfat Hazelnut Latte (Medium),0.142857,0.375,0.137931
Nonfat Hazelnut Latte (Large),0.142857,0.460938,0.183908
Nonfat French Vanilla Latte (Small),0.142857,0.289063,0.114943
Nonfat French Vanilla Latte (Medium),0.142857,0.359375,0.137931
Nonfat French Vanilla Latte (Large),0.142857,0.4375,0.183908
Nonfat Latte with Sugar Free French Vanilla Syrup (Small),0.142857,0.101563,0.114943
Nonfat Latte with Sugar Free French Vanilla Syrup (Medium),0.142857,0.125,0.137931
Nonfat Latte with Sugar Free French Vanilla Syrup (Large),0.285714,0.164063,0.183908
Mocha (Small),0.285714,0.328125,0.114943
Mocha (Medium),0.285714,0.414063,0.149425
Mocha (Large),0.285714,0.492188,0.183908
Mocha with Nonfat Milk (Small),0.285714,0.335938,0.126437
Mocha with Nonfat Milk (Medium),0.285714,0.414063,0.149425
Mocha with Nonfat Milk (Large),0.285714,0.5,0.195402
Caramel Mocha (Small),0.142857,0.3125,0.114943
Caramel Mocha (Medium),0.142857,0.390625,0.137931
Caramel Mocha (Large),0.142857,0.46875,0.183908
Nonfat Caramel Mocha (Small),0.142857,0.320313,0.114943
Nonfat Caramel Mocha (Medium),0.142857,0.398438,0.149425
Nonfat Caramel Mocha (Large),0.142857,0.476563,0.195402
Hot Chocolate (Small),0.142857,0.351563,0.126437
Hot Chocolate (Medium),0.142857,0.4375,0.16092
Hot Chocolate (Large),0.142857,0.53125,0.195402
Hot Chocolate with Nonfat Milk (Small),0.142857,0.359375,0.137931
Hot Chocolate with Nonfat Milk (Medium),0.142857,0.445313,0.16092
Hot Chocolate with Nonfat Milk (Large),0.142857,0.539063,0.218391
Regular Iced Coffee (Small),0,0.171875,0.0114943
Regular Iced Coffee (Medium),0,0.234375,0.0114943
Regular Iced Coffee (Large),0,0.351563,0.0229885
Caramel Iced Coffee (Small),0,0.164063,0.0114943
Caramel Iced Coffee (Medium),0,0.21875,0.0114943
Caramel Iced Coffee (Large),0,0.328125,0.0229885
Hazelnut Iced Coffee (Small),0,0.15625,0.0114943
Hazelnut Iced Coffee (Medium),0,0.21875,0.0114943
Hazelnut Iced Coffee (Large),0,0.320313,0.0229885
French Vanilla Iced Coffee (Small),0,0.148438,0.0114943
French Vanilla Iced Coffee (Medium),0,0.203125,0.0114943
French Vanilla Iced Coffee (Large),0,0.304688,0.0229885
Iced Coffee with Sugar Free French Vanilla Syrup (Small),0,0.0078125,0.0114943
Iced Coffee with Sugar Free French Vanilla Syrup (Medium),0,0.015625,0.0114943
Iced Coffee with Sugar Free French Vanilla Syrup (Large),0,0.015625,0.0229885
Iced Mocha (Small),0.142857,0.265625,0.091954
Iced Mocha (Medium),0.142857,0.335938,0.103448
Iced Mocha (Large),0.285714,0.484375,0.16092
Iced Mocha with Nonfat Milk (Small),0.142857,0.273438,0.091954
Iced Mocha with Nonfat Milk (Medium),0.142857,0.335938,0.114943
Iced Mocha with Nonfat Milk (Large),0.285714,0.484375,0.16092
Iced Caramel Mocha (Small),0,0.257813,0.091954
Iced Caramel Mocha (Medium),0.142857,0.320313,0.103448
Iced Caramel Mocha (Large),0.142857,0.460938,0.149425
Iced Nonfat Caramel Mocha (Small),0,0.257813,0.091954
Iced Nonfat Caramel Mocha (Medium),0.142857,0.320313,0.114943
Iced Nonfat Caramel Mocha (Large),0.142857,0.460938,0.16092
Frappé Mocha (Small),0.142857,0.445313,0.0804598
Frappé Mocha (Medium),0.142857,0.554688,0.103448
Frappé Mocha (Large),0.142857,0.6875,0.126437
Frappé Caramel (Small),0,0.445313,0.0804598
Frappé Caramel (Medium),0,0.554688,0.103448
Frappé Caramel (Large),0,0.6875,0.126437
Frappé Chocolate Chip (Small),0.142857,0.523438,0.091954
Frappé Chocolate Chip (Medium),0.142857,0.632813,0.103448
Frappé Chocolate Chip (Large),0.142857,0.773438,0.137931
Blueberry Pomegranate Smoothie (Small),0.428571,0.34375,0.0229885
Blueberry Pomegranate Smoothie (Medium),0.571429,0.421875,0.0344828
Blueberry Pomegranate Smoothie (Large),0.714286,0.546875,0.045977
Strawberry Banana Smoothie (Small),0.428571,0.34375,0.0344828
Strawberry Banana Smoothie (Medium),0.428571,0.421875,0.045977
Strawberry Banana Smoothie (Large),0.571429,0.546875,0.0574713
Mango Pineapple Smoothie (Small),0.142857,0.359375,0.0229885
Mango Pineapple Smoothie (Medium),0.142857,0.4375,0.0344828
Mango Pineapple Smoothie (Large),0.285714,0.5625,0.045977
Vanilla Shake (Small),0,0.492188,0.126437
Vanilla Shake (Medium),0,0.632813,0.16092
Vanilla Shake (Large),0,0.789063,0.206897
Strawberry Shake (Small),0,0.617188,0.137931
Strawberry Shake (Medium),0,0.78125,0.172414
Strawberry Shake (Large),0,0.960938,0.206897
Chocolate Shake (Small),0.142857,0.601563,0.137931
Chocolate Shake (Medium),0.285714,0.757813,0.172414
Chocolate Shake (Large),0.285714,0.9375,0.218391
Shamrock Shake (Medium),0,0.726563,0.16092
Shamrock Shake (Large),0,0.898438,0.206897
McFlurry with M&M’s Candies (Small),0.142857,0.695313,0.149425
McFlurry with M&M’s Candies (Medium),0.285714,1,0.229885
McFlurry with M&M’s Candies (Snack),0.142857,0.460938,0.103448
McFlurry with Oreo Cookies (Small),0.142857,0.5,0.137931
McFlurry with Oreo Cookies (Medium),0.142857,0.664063,0.172414
McFlurry with Oreo Cookies (Snack),0.142857,0.335938,0.091954
McFlurry with Reese's Peanut Butter Cups (Medium),0.285714,0.804688,0.241379
McFlurry with Reese's Peanut Butter Cups (Snack),0.142857,0.398438,0.114943
